Parent,Child
Level_0Pathway0,Gene_256
Level_0Pathway0,Gene_202
Level_0Pathway0,Gene_292
Level_0Pathway0,Gene_224
Level_0Pathway0,Gene_183
Level_0Pathway1,Gene_185
Level_0Pathway1,Gene_62
Level_0Pathway1,Gene_28
Level_0Pathway1,Gene_56
Level_0Pathway1,Gene_196
Level_0Pathway1,Gene_161
Level_0Pathway1,Gene_16
Level_0Pathway2,Gene_299
Level_0Pathway2,Gene_265
Level_0Pathway2,Gene_293
Level_0Pathway2,Gene_16
Level_0Pathway2,Gene_161
Level_0Pathway2,Gene_24
Level_0Pathway2,Gene_62
Level_0Pathway3,Gene_208
Level_0Pathway3,Gene_256
Level_0Pathway3,Gene_5
Level_0Pathway3,Gene_30
Level_0Pathway3,Gene_157
Level_0Pathway3,Gene_255
Level_0Pathway4,Gene_4
Level_0Pathway4,Gene_203
Level_0Pathway4,Gene_29
Level_0Pathway4,Gene_229
Level_0Pathway4,Gene_56
Level_0Pathway4,Gene_204
Level_0Pathway4,Gene_232
Level_0Pathway5,Gene_176
Level_0Pathway5,Gene_113
Level_0Pathway5,Gene_153
Level_0Pathway5,Gene_136
Level_0Pathway5,Gene_188
Level_0Pathway6,Gene_122
Level_0Pathway6,Gene_161
Level_0Pathway6,Gene_74
Level_0Pathway6,Gene_249
Level_0Pathway6,Gene_282
Level_0Pathway6,Gene_158
Level_0Pathway6,Gene_145
Level_0Pathway6,Gene_65
Level_0Pathway6,Gene_252
Level_0Pathway7,Gene_125
Level_0Pathway7,Gene_175
Level_0Pathway7,Gene_25
Level_0Pathway7,Gene_50
Level_0Pathway7,Gene_143
Level_0Pathway7,Gene_0
Level_0Pathway7,Gene_80
Level_0Pathway7,Gene_190
Level_0Pathway7,Gene_132
Level_0Pathway8,Gene_223
Level_0Pathway8,Gene_192
Level_0Pathway8,Gene_196
Level_0Pathway8,Gene_99
Level_0Pathway8,Gene_232
Level_0Pathway9,Gene_158
Level_0Pathway9,Gene_107
Level_0Pathway9,Gene_238
Level_0Pathway9,Gene_7
Level_0Pathway9,Gene_95
Level_0Pathway9,Gene_102
Level_0Pathway10,Gene_105
Level_0Pathway10,Gene_140
Level_0Pathway10,Gene_74
Level_0Pathway10,Gene_12
Level_0Pathway10,Gene_69
Level_0Pathway10,Gene_127
Level_0Pathway10,Gene_61
Level_0Pathway10,Gene_249
Level_0Pathway10,Gene_132
Level_0Pathway11,Gene_243
Level_0Pathway11,Gene_272
Level_0Pathway11,Gene_153
Level_0Pathway11,Gene_117
Level_0Pathway11,Gene_172
Level_0Pathway11,Gene_188
Level_0Pathway11,Gene_71
Level_0Pathway11,Gene_138
Level_0Pathway11,Gene_182
Level_0Pathway12,Gene_209
Level_0Pathway12,Gene_257
Level_0Pathway12,Gene_11
Level_0Pathway12,Gene_123
Level_0Pathway12,Gene_70
Level_0Pathway12,Gene_288
Level_0Pathway12,Gene_228
Level_0Pathway13,Gene_154
Level_0Pathway13,Gene_289
Level_0Pathway13,Gene_34
Level_0Pathway13,Gene_76
Level_0Pathway13,Gene_4
Level_0Pathway14,Gene_64
Level_0Pathway14,Gene_183
Level_0Pathway14,Gene_187
Level_0Pathway14,Gene_68
Level_0Pathway14,Gene_100
Level_0Pathway14,Gene_180
Level_0Pathway14,Gene_292
Level_0Pathway15,Gene_221
Level_0Pathway15,Gene_127
Level_0Pathway15,Gene_16
Level_0Pathway15,Gene_178
Level_0Pathway15,Gene_68
Level_0Pathway15,Gene_257
Level_0Pathway15,Gene_285
Level_0Pathway16,Gene_11
Level_0Pathway16,Gene_108
Level_0Pathway16,Gene_202
Level_0Pathway16,Gene_205
Level_0Pathway16,Gene_14
Level_0Pathway16,Gene_15
Level_0Pathway17,Gene_274
Level_0Pathway17,Gene_95
Level_0Pathway17,Gene_253
Level_0Pathway17,Gene_24
Level_0Pathway17,Gene_187
Level_0Pathway17,Gene_137
Level_0Pathway17,Gene_276
Level_0Pathway17,Gene_133
Level_0Pathway18,Gene_51
Level_0Pathway18,Gene_233
Level_0Pathway18,Gene_38
Level_0Pathway18,Gene_110
Level_0Pathway18,Gene_193
Level_0Pathway18,Gene_176
Level_0Pathway18,Gene_171
Level_0Pathway18,Gene_100
Level_0Pathway19,Gene_233
Level_0Pathway19,Gene_137
Level_0Pathway19,Gene_261
Level_0Pathway19,Gene_185
Level_0Pathway19,Gene_179
Level_0Pathway19,Gene_136
Level_0Pathway19,Gene_140
Level_0Pathway20,Gene_155
Level_0Pathway20,Gene_229
Level_0Pathway20,Gene_33
Level_0Pathway20,Gene_146
Level_0Pathway20,Gene_234
Level_0Pathway20,Gene_128
Level_0Pathway20,Gene_275
Level_0Pathway20,Gene_235
Level_0Pathway20,Gene_199
Level_0Pathway21,Gene_190
Level_0Pathway21,Gene_51
Level_0Pathway21,Gene_94
Level_0Pathway21,Gene_269
Level_0Pathway21,Gene_208
Level_0Pathway21,Gene_265
Level_0Pathway21,Gene_207
Level_0Pathway22,Gene_35
Level_0Pathway22,Gene_70
Level_0Pathway22,Gene_0
Level_0Pathway22,Gene_224
Level_0Pathway22,Gene_121
Level_0Pathway22,Gene_98
Level_0Pathway22,Gene_295
Level_0Pathway23,Gene_225
Level_0Pathway23,Gene_183
Level_0Pathway23,Gene_249
Level_0Pathway23,Gene_43
Level_0Pathway23,Gene_219
Level_0Pathway23,Gene_69
Level_0Pathway24,Gene_244
Level_0Pathway24,Gene_246
Level_0Pathway24,Gene_18
Level_0Pathway24,Gene_150
Level_0Pathway24,Gene_276
Level_0Pathway25,Gene_37
Level_0Pathway25,Gene_124
Level_0Pathway25,Gene_42
Level_0Pathway25,Gene_57
Level_0Pathway25,Gene_181
Level_0Pathway25,Gene_142
Level_0Pathway25,Gene_97
Level_0Pathway25,Gene_209
Level_0Pathway26,Gene_245
Level_0Pathway26,Gene_239
Level_0Pathway26,Gene_70
Level_0Pathway26,Gene_157
Level_0Pathway26,Gene_25
Level_0Pathway26,Gene_115
Level_0Pathway26,Gene_195
Level_0Pathway27,Gene_137
Level_0Pathway27,Gene_145
Level_0Pathway27,Gene_241
Level_0Pathway27,Gene_25
Level_0Pathway27,Gene_282
Level_0Pathway27,Gene_43
Level_0Pathway27,Gene_58
Level_0Pathway27,Gene_54
Level_0Pathway28,Gene_144
Level_0Pathway28,Gene_208
Level_0Pathway28,Gene_105
Level_0Pathway28,Gene_224
Level_0Pathway28,Gene_87
Level_0Pathway28,Gene_191
Level_0Pathway29,Gene_255
Level_0Pathway29,Gene_227
Level_0Pathway29,Gene_24
Level_0Pathway29,Gene_105
Level_0Pathway29,Gene_26
Level_0Pathway29,Gene_75
Level_0Pathway30,Gene_238
Level_0Pathway30,Gene_247
Level_0Pathway30,Gene_299
Level_0Pathway30,Gene_168
Level_0Pathway30,Gene_199
Level_0Pathway30,Gene_74
Level_0Pathway30,Gene_164
Level_0Pathway30,Gene_167
Level_0Pathway30,Gene_242
Level_0Pathway31,Gene_67
Level_0Pathway31,Gene_26
Level_0Pathway31,Gene_111
Level_0Pathway31,Gene_3
Level_0Pathway31,Gene_113
Level_0Pathway31,Gene_187
Level_0Pathway31,Gene_257
Level_0Pathway31,Gene_0
Level_0Pathway32,Gene_16
Level_0Pathway32,Gene_104
Level_0Pathway32,Gene_1
Level_0Pathway32,Gene_244
Level_0Pathway32,Gene_29
Level_0Pathway33,Gene_277
Level_0Pathway33,Gene_284
Level_0Pathway33,Gene_127
Level_0Pathway33,Gene_196
Level_0Pathway33,Gene_148
Level_0Pathway33,Gene_247
Level_0Pathway33,Gene_115
Level_0Pathway33,Gene_251
Level_0Pathway33,Gene_171
Level_0Pathway34,Gene_23
Level_0Pathway34,Gene_267
Level_0Pathway34,Gene_111
Level_0Pathway34,Gene_252
Level_0Pathway34,Gene_81
Level_0Pathway34,Gene_225
Level_0Pathway34,Gene_20
Level_0Pathway34,Gene_248
Level_0Pathway35,Gene_190
Level_0Pathway35,Gene_137
Level_0Pathway35,Gene_99
Level_0Pathway35,Gene_101
Level_0Pathway35,Gene_292
Level_0Pathway35,Gene_68
Level_0Pathway35,Gene_108
Level_0Pathway36,Gene_167
Level_0Pathway36,Gene_201
Level_0Pathway36,Gene_244
Level_0Pathway36,Gene_175
Level_0Pathway36,Gene_38
Level_0Pathway36,Gene_157
Level_0Pathway37,Gene_8
Level_0Pathway37,Gene_83
Level_0Pathway37,Gene_248
Level_0Pathway37,Gene_167
Level_0Pathway37,Gene_287
Level_0Pathway38,Gene_54
Level_0Pathway38,Gene_50
Level_0Pathway38,Gene_4
Level_0Pathway38,Gene_183
Level_0Pathway38,Gene_59
Level_0Pathway38,Gene_119
Level_0Pathway38,Gene_22
Level_0Pathway38,Gene_53
Level_0Pathway38,Gene_214
Level_0Pathway39,Gene_262
Level_0Pathway39,Gene_89
Level_0Pathway39,Gene_72
Level_0Pathway39,Gene_118
Level_0Pathway39,Gene_66
Level_0Pathway39,Gene_195
Level_0Pathway39,Gene_207
Level_0Pathway40,Gene_38
Level_0Pathway40,Gene_225
Level_0Pathway40,Gene_51
Level_0Pathway40,Gene_268
Level_0Pathway40,Gene_145
Level_0Pathway40,Gene_70
Level_0Pathway40,Gene_141
Level_0Pathway40,Gene_52
Level_0Pathway40,Gene_118
Level_0Pathway41,Gene_133
Level_0Pathway41,Gene_274
Level_0Pathway41,Gene_105
Level_0Pathway41,Gene_74
Level_0Pathway41,Gene_63
Level_0Pathway41,Gene_156
Level_0Pathway42,Gene_19
Level_0Pathway42,Gene_76
Level_0Pathway42,Gene_132
Level_0Pathway42,Gene_183
Level_0Pathway42,Gene_29
Level_0Pathway42,Gene_84
Level_0Pathway42,Gene_46
Level_0Pathway43,Gene_35
Level_0Pathway43,Gene_75
Level_0Pathway43,Gene_270
Level_0Pathway43,Gene_244
Level_0Pathway43,Gene_255
Level_0Pathway44,Gene_253
Level_0Pathway44,Gene_214
Level_0Pathway44,Gene_299
Level_0Pathway44,Gene_5
Level_0Pathway44,Gene_19
Level_0Pathway45,Gene_245
Level_0Pathway45,Gene_284
Level_0Pathway45,Gene_211
Level_0Pathway45,Gene_11
Level_0Pathway45,Gene_210
Level_0Pathway46,Gene_259
Level_0Pathway46,Gene_237
Level_0Pathway46,Gene_168
Level_0Pathway46,Gene_3
Level_0Pathway46,Gene_189
Level_0Pathway46,Gene_39
Level_0Pathway47,Gene_149
Level_0Pathway47,Gene_21
Level_0Pathway47,Gene_123
Level_0Pathway47,Gene_156
Level_0Pathway47,Gene_38
Level_0Pathway47,Gene_198
Level_0Pathway47,Gene_129
Level_0Pathway48,Gene_69
Level_0Pathway48,Gene_115
Level_0Pathway48,Gene_189
Level_0Pathway48,Gene_224
Level_0Pathway48,Gene_58
Level_0Pathway48,Gene_272
Level_0Pathway48,Gene_282
Level_0Pathway48,Gene_107
Level_0Pathway49,Gene_10
Level_0Pathway49,Gene_147
Level_0Pathway49,Gene_210
Level_0Pathway49,Gene_222
Level_0Pathway49,Gene_8
Level_0Pathway49,Gene_92
Level_0Pathway49,Gene_227
Level_0Pathway49,Gene_225
Level_0Pathway50,Gene_84
Level_0Pathway50,Gene_13
Level_0Pathway50,Gene_60
Level_0Pathway50,Gene_225
Level_0Pathway50,Gene_52
Level_0Pathway51,Gene_175
Level_0Pathway51,Gene_92
Level_0Pathway51,Gene_98
Level_0Pathway51,Gene_36
Level_0Pathway51,Gene_26
Level_0Pathway52,Gene_124
Level_0Pathway52,Gene_193
Level_0Pathway52,Gene_279
Level_0Pathway52,Gene_100
Level_0Pathway52,Gene_182
Level_0Pathway52,Gene_206
Level_0Pathway53,Gene_249
Level_0Pathway53,Gene_134
Level_0Pathway53,Gene_118
Level_0Pathway53,Gene_283
Level_0Pathway53,Gene_129
Level_0Pathway53,Gene_293
Level_0Pathway53,Gene_114
Level_0Pathway54,Gene_67
Level_0Pathway54,Gene_180
Level_0Pathway54,Gene_184
Level_0Pathway54,Gene_145
Level_0Pathway54,Gene_92
Level_0Pathway55,Gene_186
Level_0Pathway55,Gene_89
Level_0Pathway55,Gene_216
Level_0Pathway55,Gene_168
Level_0Pathway55,Gene_80
Level_0Pathway55,Gene_181
Level_0Pathway55,Gene_155
Level_0Pathway55,Gene_54
Level_0Pathway55,Gene_107
Level_0Pathway56,Gene_274
Level_0Pathway56,Gene_64
Level_0Pathway56,Gene_241
Level_0Pathway56,Gene_225
Level_0Pathway56,Gene_17
Level_0Pathway56,Gene_290
Level_0Pathway56,Gene_130
Level_0Pathway57,Gene_96
Level_0Pathway57,Gene_38
Level_0Pathway57,Gene_219
Level_0Pathway57,Gene_125
Level_0Pathway57,Gene_290
Level_0Pathway57,Gene_264
Level_0Pathway58,Gene_231
Level_0Pathway58,Gene_258
Level_0Pathway58,Gene_91
Level_0Pathway58,Gene_78
Level_0Pathway58,Gene_5
Level_0Pathway58,Gene_54
Level_0Pathway58,Gene_242
Level_0Pathway58,Gene_213
Level_0Pathway59,Gene_64
Level_0Pathway59,Gene_57
Level_0Pathway59,Gene_295
Level_0Pathway59,Gene_262
Level_0Pathway59,Gene_27
Level_0Pathway59,Gene_179
Level_0Pathway59,Gene_279
Level_0Pathway59,Gene_102
Level_0Pathway59,Gene_222
Level_0Pathway60,Gene_1
Level_0Pathway60,Gene_75
Level_0Pathway60,Gene_152
Level_0Pathway60,Gene_37
Level_0Pathway60,Gene_64
Level_0Pathway61,Gene_138
Level_0Pathway61,Gene_43
Level_0Pathway61,Gene_111
Level_0Pathway61,Gene_6
Level_0Pathway61,Gene_242
Level_0Pathway61,Gene_17
Level_0Pathway61,Gene_67
Level_0Pathway61,Gene_103
Level_0Pathway61,Gene_97
Level_0Pathway62,Gene_219
Level_0Pathway62,Gene_136
Level_0Pathway62,Gene_124
Level_0Pathway62,Gene_30
Level_0Pathway62,Gene_266
Level_0Pathway62,Gene_8
Level_0Pathway63,Gene_69
Level_0Pathway63,Gene_64
Level_0Pathway63,Gene_0
Level_0Pathway63,Gene_194
Level_0Pathway63,Gene_251
Level_0Pathway63,Gene_287
Level_0Pathway64,Gene_242
Level_0Pathway64,Gene_249
Level_0Pathway64,Gene_194
Level_0Pathway64,Gene_226
Level_0Pathway64,Gene_70
Level_0Pathway64,Gene_238
Level_0Pathway64,Gene_44
Level_0Pathway64,Gene_57
Level_0Pathway64,Gene_142
Level_0Pathway65,Gene_234
Level_0Pathway65,Gene_211
Level_0Pathway65,Gene_290
Level_0Pathway65,Gene_212
Level_0Pathway65,Gene_42
Level_0Pathway65,Gene_151
Level_0Pathway65,Gene_32
Level_0Pathway65,Gene_87
Level_0Pathway66,Gene_241
Level_0Pathway66,Gene_215
Level_0Pathway66,Gene_51
Level_0Pathway66,Gene_136
Level_0Pathway66,Gene_95
Level_0Pathway67,Gene_294
Level_0Pathway67,Gene_210
Level_0Pathway67,Gene_224
Level_0Pathway67,Gene_61
Level_0Pathway67,Gene_298
Level_0Pathway67,Gene_167
Level_0Pathway68,Gene_29
Level_0Pathway68,Gene_85
Level_0Pathway68,Gene_52
Level_0Pathway68,Gene_55
Level_0Pathway68,Gene_238
Level_0Pathway68,Gene_156
Level_0Pathway68,Gene_215
Level_0Pathway68,Gene_261
Level_0Pathway69,Gene_273
Level_0Pathway69,Gene_289
Level_0Pathway69,Gene_188
Level_0Pathway69,Gene_238
Level_0Pathway69,Gene_206
Level_0Pathway70,Gene_288
Level_0Pathway70,Gene_223
Level_0Pathway70,Gene_55
Level_0Pathway70,Gene_0
Level_0Pathway70,Gene_78
Level_0Pathway70,Gene_66
Level_0Pathway71,Gene_179
Level_0Pathway71,Gene_248
Level_0Pathway71,Gene_67
Level_0Pathway71,Gene_226
Level_0Pathway71,Gene_211
Level_0Pathway71,Gene_14
Level_0Pathway72,Gene_255
Level_0Pathway72,Gene_112
Level_0Pathway72,Gene_110
Level_0Pathway72,Gene_69
Level_0Pathway72,Gene_266
Level_0Pathway72,Gene_5
Level_0Pathway73,Gene_225
Level_0Pathway73,Gene_264
Level_0Pathway73,Gene_63
Level_0Pathway73,Gene_4
Level_0Pathway73,Gene_66
Level_0Pathway73,Gene_18
Level_0Pathway73,Gene_105
Level_0Pathway73,Gene_83
Level_0Pathway73,Gene_235
Level_0Pathway74,Gene_103
Level_0Pathway74,Gene_47
Level_0Pathway74,Gene_91
Level_0Pathway74,Gene_27
Level_0Pathway74,Gene_226
Level_0Pathway75,Gene_142
Level_0Pathway75,Gene_209
Level_0Pathway75,Gene_247
Level_0Pathway75,Gene_154
Level_0Pathway75,Gene_15
Level_0Pathway75,Gene_222
Level_0Pathway75,Gene_41
Level_0Pathway75,Gene_52
Level_0Pathway75,Gene_260
Level_0Pathway76,Gene_119
Level_0Pathway76,Gene_245
Level_0Pathway76,Gene_243
Level_0Pathway76,Gene_83
Level_0Pathway76,Gene_269
Level_0Pathway76,Gene_110
Level_0Pathway76,Gene_233
Level_0Pathway77,Gene_138
Level_0Pathway77,Gene_172
Level_0Pathway77,Gene_98
Level_0Pathway77,Gene_189
Level_0Pathway77,Gene_38
Level_0Pathway78,Gene_59
Level_0Pathway78,Gene_20
Level_0Pathway78,Gene_93
Level_0Pathway78,Gene_269
Level_0Pathway78,Gene_279
Level_0Pathway78,Gene_106
Level_0Pathway78,Gene_47
Level_0Pathway78,Gene_167
Level_0Pathway79,Gene_84
Level_0Pathway79,Gene_125
Level_0Pathway79,Gene_241
Level_0Pathway79,Gene_240
Level_0Pathway79,Gene_207
Level_0Pathway79,Gene_48
Level_0Pathway79,Gene_75
Level_0Pathway80,Gene_231
Level_0Pathway80,Gene_145
Level_0Pathway80,Gene_260
Level_0Pathway80,Gene_89
Level_0Pathway80,Gene_134
Level_0Pathway80,Gene_24
Level_0Pathway80,Gene_201
Level_0Pathway80,Gene_49
Level_0Pathway80,Gene_135
Level_0Pathway81,Gene_88
Level_0Pathway81,Gene_35
Level_0Pathway81,Gene_212
Level_0Pathway81,Gene_145
Level_0Pathway81,Gene_163
Level_0Pathway81,Gene_151
Level_0Pathway81,Gene_221
Level_0Pathway82,Gene_103
Level_0Pathway82,Gene_70
Level_0Pathway82,Gene_202
Level_0Pathway82,Gene_194
Level_0Pathway82,Gene_43
Level_0Pathway82,Gene_289
Level_0Pathway82,Gene_28
Level_0Pathway83,Gene_80
Level_0Pathway83,Gene_4
Level_0Pathway83,Gene_189
Level_0Pathway83,Gene_36
Level_0Pathway83,Gene_95
Level_0Pathway83,Gene_48
Level_0Pathway83,Gene_245
Level_0Pathway83,Gene_111
Level_0Pathway84,Gene_166
Level_0Pathway84,Gene_152
Level_0Pathway84,Gene_76
Level_0Pathway84,Gene_102
Level_0Pathway84,Gene_230
Level_0Pathway84,Gene_62
Level_0Pathway84,Gene_83
Level_0Pathway84,Gene_89
Level_0Pathway85,Gene_37
Level_0Pathway85,Gene_195
Level_0Pathway85,Gene_113
Level_0Pathway85,Gene_96
Level_0Pathway85,Gene_142
Level_0Pathway85,Gene_210
Level_0Pathway86,Gene_289
Level_0Pathway86,Gene_28
Level_0Pathway86,Gene_133
Level_0Pathway86,Gene_77
Level_0Pathway86,Gene_82
Level_0Pathway86,Gene_173
Level_0Pathway86,Gene_244
Level_0Pathway87,Gene_249
Level_0Pathway87,Gene_71
Level_0Pathway87,Gene_194
Level_0Pathway87,Gene_109
Level_0Pathway87,Gene_76
Level_0Pathway87,Gene_208
Level_0Pathway88,Gene_169
Level_0Pathway88,Gene_147
Level_0Pathway88,Gene_276
Level_0Pathway88,Gene_240
Level_0Pathway88,Gene_167
Level_0Pathway88,Gene_92
Level_0Pathway88,Gene_257
Level_0Pathway88,Gene_175
Level_0Pathway89,Gene_201
Level_0Pathway89,Gene_222
Level_0Pathway89,Gene_57
Level_0Pathway89,Gene_45
Level_0Pathway89,Gene_264
Level_0Pathway90,Gene_267
Level_0Pathway90,Gene_166
Level_0Pathway90,Gene_292
Level_0Pathway90,Gene_172
Level_0Pathway90,Gene_162
Level_0Pathway90,Gene_134
Level_0Pathway91,Gene_63
Level_0Pathway91,Gene_267
Level_0Pathway91,Gene_46
Level_0Pathway91,Gene_268
Level_0Pathway91,Gene_261
Level_0Pathway91,Gene_179
Level_0Pathway91,Gene_70
Level_0Pathway91,Gene_33
Level_0Pathway91,Gene_83
Level_0Pathway92,Gene_179
Level_0Pathway92,Gene_58
Level_0Pathway92,Gene_277
Level_0Pathway92,Gene_293
Level_0Pathway92,Gene_3
Level_0Pathway92,Gene_1
Level_0Pathway92,Gene_232
Level_0Pathway93,Gene_214
Level_0Pathway93,Gene_270
Level_0Pathway93,Gene_127
Level_0Pathway93,Gene_0
Level_0Pathway93,Gene_298
Level_0Pathway93,Gene_231
Level_0Pathway93,Gene_128
Level_0Pathway93,Gene_103
Level_0Pathway93,Gene_187
Level_0Pathway94,Gene_158
Level_0Pathway94,Gene_167
Level_0Pathway94,Gene_249
Level_0Pathway94,Gene_111
Level_0Pathway94,Gene_57
Level_0Pathway94,Gene_192
Level_0Pathway94,Gene_11
Level_0Pathway94,Gene_105
Level_0Pathway95,Gene_191
Level_0Pathway95,Gene_248
Level_0Pathway95,Gene_299
Level_0Pathway95,Gene_280
Level_0Pathway95,Gene_206
Level_0Pathway95,Gene_1
Level_0Pathway95,Gene_115
Level_0Pathway95,Gene_177
Level_0Pathway95,Gene_258
Level_0Pathway96,Gene_136
Level_0Pathway96,Gene_170
Level_0Pathway96,Gene_20
Level_0Pathway96,Gene_97
Level_0Pathway96,Gene_106
Level_0Pathway96,Gene_277
Level_0Pathway96,Gene_40
Level_0Pathway96,Gene_1
Level_0Pathway96,Gene_61
Level_0Pathway97,Gene_76
Level_0Pathway97,Gene_170
Level_0Pathway97,Gene_22
Level_0Pathway97,Gene_259
Level_0Pathway97,Gene_60
Level_0Pathway97,Gene_50
Level_0Pathway97,Gene_113
Level_0Pathway97,Gene_233
Level_0Pathway98,Gene_286
Level_0Pathway98,Gene_51
Level_0Pathway98,Gene_282
Level_0Pathway98,Gene_238
Level_0Pathway98,Gene_102
Level_0Pathway99,Gene_143
Level_0Pathway99,Gene_12
Level_0Pathway99,Gene_252
Level_0Pathway99,Gene_299
Level_0Pathway99,Gene_193
Level_0Pathway99,Gene_133
Level_0Pathway99,Gene_25
Level_0Pathway100,Gene_59
Level_0Pathway100,Gene_62
Level_0Pathway100,Gene_47
Level_0Pathway100,Gene_76
Level_0Pathway100,Gene_293
Level_0Pathway100,Gene_28
Level_0Pathway101,Gene_284
Level_0Pathway101,Gene_151
Level_0Pathway101,Gene_231
Level_0Pathway101,Gene_78
Level_0Pathway101,Gene_242
Level_0Pathway101,Gene_221
Level_0Pathway101,Gene_132
Level_0Pathway101,Gene_73
Level_0Pathway101,Gene_179
Level_0Pathway102,Gene_96
Level_0Pathway102,Gene_70
Level_0Pathway102,Gene_130
Level_0Pathway102,Gene_185
Level_0Pathway102,Gene_111
Level_0Pathway102,Gene_162
Level_0Pathway102,Gene_262
Level_0Pathway102,Gene_283
Level_0Pathway103,Gene_97
Level_0Pathway103,Gene_204
Level_0Pathway103,Gene_184
Level_0Pathway103,Gene_18
Level_0Pathway103,Gene_221
Level_0Pathway103,Gene_257
Level_0Pathway103,Gene_130
Level_0Pathway104,Gene_106
Level_0Pathway104,Gene_71
Level_0Pathway104,Gene_166
Level_0Pathway104,Gene_76
Level_0Pathway104,Gene_5
Level_0Pathway104,Gene_52
Level_0Pathway105,Gene_96
Level_0Pathway105,Gene_95
Level_0Pathway105,Gene_35
Level_0Pathway105,Gene_39
Level_0Pathway105,Gene_119
Level_0Pathway105,Gene_93
Level_0Pathway105,Gene_217
Level_0Pathway105,Gene_64
Level_0Pathway106,Gene_60
Level_0Pathway106,Gene_295
Level_0Pathway106,Gene_50
Level_0Pathway106,Gene_285
Level_0Pathway106,Gene_231
Level_0Pathway106,Gene_183
Level_0Pathway106,Gene_14
Level_0Pathway107,Gene_67
Level_0Pathway107,Gene_85
Level_0Pathway107,Gene_274
Level_0Pathway107,Gene_228
Level_0Pathway107,Gene_223
Level_0Pathway107,Gene_131
Level_0Pathway107,Gene_65
Level_0Pathway108,Gene_239
Level_0Pathway108,Gene_194
Level_0Pathway108,Gene_274
Level_0Pathway108,Gene_208
Level_0Pathway108,Gene_22
Level_0Pathway108,Gene_132
Level_0Pathway109,Gene_10
Level_0Pathway109,Gene_200
Level_0Pathway109,Gene_64
Level_0Pathway109,Gene_219
Level_0Pathway109,Gene_267
Level_0Pathway109,Gene_251
Level_0Pathway109,Gene_103
Level_0Pathway109,Gene_196
Level_0Pathway110,Gene_261
Level_0Pathway110,Gene_25
Level_0Pathway110,Gene_240
Level_0Pathway110,Gene_56
Level_0Pathway110,Gene_142
Level_0Pathway110,Gene_202
Level_0Pathway111,Gene_41
Level_0Pathway111,Gene_28
Level_0Pathway111,Gene_99
Level_0Pathway111,Gene_127
Level_0Pathway111,Gene_151
Level_0Pathway111,Gene_276
Level_0Pathway112,Gene_71
Level_0Pathway112,Gene_211
Level_0Pathway112,Gene_200
Level_0Pathway112,Gene_51
Level_0Pathway112,Gene_1
Level_0Pathway112,Gene_240
Level_0Pathway112,Gene_118
Level_0Pathway113,Gene_291
Level_0Pathway113,Gene_184
Level_0Pathway113,Gene_49
Level_0Pathway113,Gene_78
Level_0Pathway113,Gene_200
Level_0Pathway113,Gene_236
Level_0Pathway113,Gene_278
Level_0Pathway113,Gene_142
Level_0Pathway114,Gene_15
Level_0Pathway114,Gene_51
Level_0Pathway114,Gene_142
Level_0Pathway114,Gene_47
Level_0Pathway114,Gene_102
Level_0Pathway114,Gene_7
Level_0Pathway115,Gene_297
Level_0Pathway115,Gene_194
Level_0Pathway115,Gene_200
Level_0Pathway115,Gene_191
Level_0Pathway115,Gene_264
Level_0Pathway115,Gene_11
Level_0Pathway116,Gene_137
Level_0Pathway116,Gene_115
Level_0Pathway116,Gene_51
Level_0Pathway116,Gene_36
Level_0Pathway116,Gene_76
Level_0Pathway116,Gene_150
Level_0Pathway116,Gene_139
Level_0Pathway116,Gene_163
Level_0Pathway117,Gene_30
Level_0Pathway117,Gene_86
Level_0Pathway117,Gene_156
Level_0Pathway117,Gene_54
Level_0Pathway117,Gene_189
Level_0Pathway117,Gene_60
Level_0Pathway118,Gene_206
Level_0Pathway118,Gene_46
Level_0Pathway118,Gene_204
Level_0Pathway118,Gene_150
Level_0Pathway118,Gene_293
Level_0Pathway119,Gene_38
Level_0Pathway119,Gene_294
Level_0Pathway119,Gene_235
Level_0Pathway119,Gene_108
Level_0Pathway119,Gene_81
Level_0Pathway120,Gene_282
Level_0Pathway120,Gene_130
Level_0Pathway120,Gene_93
Level_0Pathway120,Gene_89
Level_0Pathway120,Gene_59
Level_0Pathway121,Gene_21
Level_0Pathway121,Gene_236
Level_0Pathway121,Gene_86
Level_0Pathway121,Gene_28
Level_0Pathway121,Gene_146
Level_0Pathway121,Gene_107
Level_0Pathway122,Gene_13
Level_0Pathway122,Gene_189
Level_0Pathway122,Gene_237
Level_0Pathway122,Gene_299
Level_0Pathway122,Gene_22
Level_0Pathway122,Gene_30
Level_0Pathway123,Gene_158
Level_0Pathway123,Gene_51
Level_0Pathway123,Gene_254
Level_0Pathway123,Gene_149
Level_0Pathway123,Gene_139
Level_0Pathway123,Gene_295
Level_0Pathway124,Gene_282
Level_0Pathway124,Gene_281
Level_0Pathway124,Gene_218
Level_0Pathway124,Gene_247
Level_0Pathway124,Gene_270
Level_0Pathway125,Gene_133
Level_0Pathway125,Gene_287
Level_0Pathway125,Gene_269
Level_0Pathway125,Gene_216
Level_0Pathway125,Gene_0
Level_0Pathway125,Gene_60
Level_0Pathway125,Gene_178
Level_0Pathway125,Gene_76
Level_0Pathway126,Gene_279
Level_0Pathway126,Gene_281
Level_0Pathway126,Gene_242
Level_0Pathway126,Gene_3
Level_0Pathway126,Gene_195
Level_0Pathway127,Gene_244
Level_0Pathway127,Gene_70
Level_0Pathway127,Gene_48
Level_0Pathway127,Gene_204
Level_0Pathway127,Gene_46
Level_0Pathway127,Gene_223
Level_0Pathway127,Gene_26
Level_0Pathway128,Gene_260
Level_0Pathway128,Gene_73
Level_0Pathway128,Gene_160
Level_0Pathway128,Gene_193
Level_0Pathway128,Gene_298
Level_0Pathway128,Gene_204
Level_0Pathway128,Gene_235
Level_0Pathway129,Gene_283
Level_0Pathway129,Gene_299
Level_0Pathway129,Gene_173
Level_0Pathway129,Gene_289
Level_0Pathway129,Gene_38
Level_0Pathway130,Gene_34
Level_0Pathway130,Gene_291
Level_0Pathway130,Gene_76
Level_0Pathway130,Gene_119
Level_0Pathway130,Gene_206
Level_0Pathway130,Gene_237
Level_0Pathway130,Gene_8
Level_0Pathway130,Gene_146
Level_0Pathway131,Gene_24
Level_0Pathway131,Gene_86
Level_0Pathway131,Gene_56
Level_0Pathway131,Gene_20
Level_0Pathway131,Gene_173
Level_0Pathway132,Gene_202
Level_0Pathway132,Gene_19
Level_0Pathway132,Gene_232
Level_0Pathway132,Gene_97
Level_0Pathway132,Gene_111
Level_0Pathway133,Gene_54
Level_0Pathway133,Gene_27
Level_0Pathway133,Gene_269
Level_0Pathway133,Gene_99
Level_0Pathway133,Gene_5
Level_0Pathway133,Gene_162
Level_0Pathway134,Gene_272
Level_0Pathway134,Gene_268
Level_0Pathway134,Gene_30
Level_0Pathway134,Gene_154
Level_0Pathway134,Gene_87
Level_0Pathway134,Gene_146
Level_0Pathway134,Gene_245
Level_0Pathway134,Gene_228
Level_0Pathway135,Gene_153
Level_0Pathway135,Gene_162
Level_0Pathway135,Gene_247
Level_0Pathway135,Gene_124
Level_0Pathway135,Gene_241
Level_0Pathway135,Gene_75
Level_0Pathway135,Gene_213
Level_0Pathway136,Gene_209
Level_0Pathway136,Gene_186
Level_0Pathway136,Gene_192
Level_0Pathway136,Gene_88
Level_0Pathway136,Gene_235
Level_0Pathway137,Gene_79
Level_0Pathway137,Gene_202
Level_0Pathway137,Gene_272
Level_0Pathway137,Gene_115
Level_0Pathway137,Gene_0
Level_0Pathway137,Gene_211
Level_0Pathway137,Gene_186
Level_0Pathway137,Gene_40
Level_0Pathway137,Gene_198
Level_0Pathway138,Gene_171
Level_0Pathway138,Gene_179
Level_0Pathway138,Gene_59
Level_0Pathway138,Gene_293
Level_0Pathway138,Gene_268
Level_0Pathway139,Gene_287
Level_0Pathway139,Gene_299
Level_0Pathway139,Gene_24
Level_0Pathway139,Gene_172
Level_0Pathway139,Gene_204
Level_0Pathway139,Gene_20
Level_0Pathway139,Gene_14
Level_0Pathway139,Gene_298
Level_0Pathway139,Gene_126
Level_0Pathway140,Gene_13
Level_0Pathway140,Gene_70
Level_0Pathway140,Gene_149
Level_0Pathway140,Gene_47
Level_0Pathway140,Gene_162
Level_0Pathway140,Gene_253
Level_0Pathway140,Gene_269
Level_0Pathway140,Gene_170
Level_0Pathway140,Gene_243
Level_0Pathway141,Gene_103
Level_0Pathway141,Gene_69
Level_0Pathway141,Gene_124
Level_0Pathway141,Gene_62
Level_0Pathway141,Gene_27
Level_0Pathway141,Gene_4
Level_0Pathway142,Gene_171
Level_0Pathway142,Gene_9
Level_0Pathway142,Gene_89
Level_0Pathway142,Gene_239
Level_0Pathway142,Gene_279
Level_0Pathway142,Gene_147
Level_0Pathway142,Gene_131
Level_0Pathway142,Gene_140
Level_0Pathway142,Gene_138
Level_0Pathway143,Gene_77
Level_0Pathway143,Gene_33
Level_0Pathway143,Gene_18
Level_0Pathway143,Gene_66
Level_0Pathway143,Gene_34
Level_0Pathway144,Gene_220
Level_0Pathway144,Gene_240
Level_0Pathway144,Gene_83
Level_0Pathway144,Gene_281
Level_0Pathway144,Gene_252
Level_0Pathway144,Gene_41
Level_0Pathway144,Gene_97
Level_0Pathway144,Gene_149
Level_0Pathway144,Gene_82
Level_0Pathway145,Gene_226
Level_0Pathway145,Gene_250
Level_0Pathway145,Gene_95
Level_0Pathway145,Gene_28
Level_0Pathway145,Gene_273
Level_0Pathway145,Gene_186
Level_0Pathway146,Gene_7
Level_0Pathway146,Gene_273
Level_0Pathway146,Gene_79
Level_0Pathway146,Gene_271
Level_0Pathway146,Gene_179
Level_0Pathway146,Gene_253
Level_0Pathway146,Gene_119
Level_0Pathway146,Gene_24
Level_0Pathway147,Gene_275
Level_0Pathway147,Gene_161
Level_0Pathway147,Gene_234
Level_0Pathway147,Gene_257
Level_0Pathway147,Gene_74
Level_0Pathway148,Gene_130
Level_0Pathway148,Gene_35
Level_0Pathway148,Gene_244
Level_0Pathway148,Gene_6
Level_0Pathway148,Gene_220
Level_0Pathway148,Gene_101
Level_0Pathway148,Gene_288
Level_0Pathway149,Gene_145
Level_0Pathway149,Gene_42
Level_0Pathway149,Gene_211
Level_0Pathway149,Gene_39
Level_0Pathway149,Gene_261
Level_0Pathway149,Gene_133
Level_0Pathway149,Gene_38
Level_1Pathway0,Gene_10
Level_1Pathway0,Gene_222
Level_1Pathway0,Gene_8
Level_1Pathway0,Gene_227
Level_1Pathway0,Gene_92
Level_1Pathway0,Gene_210
Level_1Pathway0,Gene_147
Level_1Pathway0,Gene_225
Level_1Pathway1,Gene_189
Level_1Pathway1,Gene_237
Level_1Pathway1,Gene_3
Level_1Pathway1,Gene_259
Level_1Pathway1,Gene_39
Level_1Pathway1,Gene_168
Level_1Pathway2,Gene_180
Level_1Pathway2,Gene_100
Level_1Pathway2,Gene_183
Level_1Pathway2,Gene_292
Level_1Pathway2,Gene_68
Level_1Pathway3,Gene_241
Level_1Pathway3,Gene_145
Level_1Pathway3,Gene_58
Level_1Pathway3,Gene_54
Level_1Pathway3,Gene_137
Level_1Pathway3,Gene_282
Level_1Pathway3,Gene_25
Level_1Pathway3,Gene_43
Level_1Pathway4,Gene_93
Level_1Pathway4,Gene_95
Level_1Pathway4,Gene_35
Level_1Pathway4,Gene_39
Level_1Pathway4,Gene_96
Level_1Pathway4,Gene_64
Level_1Pathway4,Gene_217
Level_1Pathway5,Gene_248
Level_1Pathway5,Gene_211
Level_1Pathway5,Gene_179
Level_1Pathway5,Gene_226
Level_1Pathway6,Gene_110
Level_1Pathway6,Gene_266
Level_1Pathway6,Gene_255
Level_1Pathway6,Gene_112
Level_1Pathway6,Gene_5
Level_1Pathway6,Gene_69
Level_1Pathway7,Gene_188
Level_1Pathway7,Gene_136
Level_1Pathway7,Gene_176
Level_1Pathway7,Gene_153
Level_1Pathway8,Gene_298
Level_1Pathway8,Gene_235
Level_1Pathway8,Gene_204
Level_1Pathway8,Gene_73
Level_1Pathway9,Gene_92
Level_1Pathway9,Gene_98
Level_1Pathway9,Gene_36
Level_1Pathway9,Gene_26
Level_1Pathway9,Gene_175
Level_1Pathway10,Gene_249
Level_1Pathway10,Gene_283
Level_1Pathway10,Gene_129
Level_1Pathway10,Gene_118
Level_1Pathway10,Gene_293
Level_1Pathway11,Gene_231
Level_1Pathway11,Gene_295
Level_1Pathway11,Gene_14
Level_1Pathway11,Gene_60
Level_1Pathway11,Gene_183
Level_1Pathway11,Gene_285
Level_1Pathway12,Gene_284
Level_1Pathway12,Gene_221
Level_1Pathway12,Gene_78
Level_1Pathway12,Gene_151
Level_1Pathway13,Gene_66
Level_1Pathway13,Gene_223
Level_1Pathway13,Gene_55
Level_1Pathway13,Gene_78
Level_1Pathway14,Gene_257
Level_1Pathway14,Gene_228
Level_1Pathway14,Gene_123
Level_1Pathway14,Gene_70
Level_1Pathway14,Gene_11
Level_1Pathway14,Gene_288
Level_1Pathway14,Gene_209
Level_1Pathway15,Gene_60
Level_1Pathway15,Gene_156
Level_1Pathway15,Gene_86
Level_1Pathway15,Gene_189
Level_1Pathway15,Gene_54
Level_1Pathway16,Gene_162
Level_1Pathway16,Gene_283
Level_1Pathway16,Gene_130
Level_1Pathway16,Gene_262
Level_1Pathway16,Gene_111
Level_1Pathway17,Gene_59
Level_1Pathway17,Gene_293
Level_1Pathway17,Gene_171
Level_1Pathway17,Gene_179
Level_1Pathway17,Gene_268
Level_1Pathway18,Gene_147
Level_1Pathway18,Gene_227
Level_1Pathway18,Gene_210
Level_1Pathway18,Gene_92
Level_1Pathway18,Gene_222
Level_1Pathway18,Gene_8
Level_1Pathway18,Gene_225
Level_1Pathway18,Gene_10
Level_1Pathway19,Gene_204
Level_1Pathway19,Gene_160
Level_1Pathway19,Gene_260
Level_1Pathway20,Gene_62
Level_1Pathway20,Gene_59
Level_1Pathway20,Gene_47
Level_1Pathway20,Gene_28
Level_1Pathway20,Gene_293
Level_1Pathway20,Gene_76
Level_1Pathway21,Gene_176
Level_1Pathway21,Gene_188
Level_1Pathway21,Gene_153
Level_1Pathway21,Gene_113
Level_1Pathway22,Gene_240
Level_1Pathway22,Gene_261
Level_1Pathway22,Gene_56
Level_1Pathway23,Gene_189
Level_1Pathway23,Gene_30
Level_1Pathway23,Gene_299
Level_1Pathway24,Gene_293
Level_1Pathway24,Gene_129
Level_1Pathway24,Gene_118
Level_1Pathway24,Gene_114
Level_1Pathway24,Gene_249
Level_1Pathway24,Gene_283
Level_1Pathway24,Gene_134
Level_1Pathway25,Gene_93
Level_1Pathway25,Gene_106
Level_1Pathway25,Gene_59
Level_1Pathway25,Gene_269
Level_1Pathway25,Gene_47
Level_1Pathway25,Gene_20
Level_1Pathway25,Gene_279
Level_1Pathway25,Gene_167
Level_1Pathway26,Gene_191
Level_1Pathway26,Gene_208
Level_1Pathway26,Gene_224
Level_1Pathway27,Gene_77
Level_1Pathway27,Gene_33
Level_1Pathway27,Gene_66
Level_1Pathway27,Gene_34
Level_1Pathway27,Gene_18
Level_1Pathway28,Gene_257
Level_1Pathway28,Gene_221
Level_1Pathway28,Gene_18
Level_1Pathway28,Gene_184
Level_1Pathway28,Gene_204
Level_1Pathway28,Gene_97
Level_1Pathway29,Gene_66
Level_1Pathway29,Gene_33
Level_1Pathway29,Gene_77
Level_1Pathway29,Gene_34
Level_1Pathway29,Gene_18
Level_1Pathway30,Gene_24
Level_1Pathway30,Gene_271
Level_1Pathway30,Gene_253
Level_1Pathway30,Gene_273
Level_1Pathway30,Gene_79
Level_1Pathway31,Gene_142
Level_1Pathway31,Gene_42
Level_1Pathway31,Gene_124
Level_1Pathway31,Gene_37
Level_1Pathway31,Gene_57
Level_1Pathway31,Gene_97
Level_1Pathway31,Gene_209
Level_1Pathway31,Gene_181
Level_1Pathway32,Gene_109
Level_1Pathway32,Gene_76
Level_1Pathway32,Gene_208
Level_1Pathway32,Gene_194
Level_1Pathway32,Gene_249
Level_1Pathway32,Gene_71
Level_1Pathway33,Gene_202
Level_1Pathway33,Gene_14
Level_1Pathway33,Gene_11
Level_1Pathway33,Gene_108
Level_1Pathway33,Gene_205
Level_1Pathway34,Gene_130
Level_1Pathway34,Gene_17
Level_1Pathway34,Gene_241
Level_1Pathway34,Gene_290
Level_1Pathway34,Gene_274
Level_1Pathway34,Gene_64
Level_1Pathway34,Gene_225
Level_1Pathway35,Gene_293
Level_1Pathway35,Gene_171
Level_1Pathway35,Gene_59
Level_1Pathway35,Gene_179
Level_1Pathway35,Gene_268
Level_1Pathway36,Gene_175
Level_1Pathway36,Gene_92
Level_1Pathway36,Gene_26
Level_1Pathway36,Gene_98
Level_1Pathway36,Gene_36
Level_1Pathway37,Gene_19
Level_1Pathway37,Gene_214
Level_1Pathway37,Gene_253
Level_1Pathway38,Gene_34
Level_1Pathway38,Gene_237
Level_1Pathway38,Gene_119
Level_1Pathway39,Gene_299
Level_1Pathway39,Gene_115
Level_1Pathway39,Gene_280
Level_1Pathway39,Gene_191
Level_1Pathway39,Gene_206
Level_1Pathway39,Gene_258
Level_1Pathway40,Gene_293
Level_1Pathway40,Gene_204
Level_1Pathway40,Gene_150
Level_1Pathway40,Gene_46
Level_1Pathway40,Gene_206
Level_1Pathway41,Gene_20
Level_1Pathway41,Gene_172
Level_1Pathway41,Gene_126
Level_1Pathway41,Gene_298
Level_1Pathway41,Gene_299
Level_1Pathway41,Gene_287
Level_1Pathway41,Gene_24
Level_1Pathway41,Gene_204
Level_1Pathway42,Gene_282
Level_1Pathway42,Gene_238
Level_1Pathway42,Gene_51
Level_1Pathway42,Gene_102
Level_1Pathway43,Gene_121
Level_1Pathway43,Gene_35
Level_1Pathway43,Gene_98
Level_1Pathway44,Gene_70
Level_1Pathway44,Gene_228
Level_1Pathway44,Gene_11
Level_1Pathway44,Gene_257
Level_1Pathway44,Gene_288
Level_1Pathway44,Gene_209
Level_1Pathway44,Gene_123
Level_1Pathway45,Gene_255
Level_1Pathway45,Gene_208
Level_1Pathway45,Gene_256
Level_1Pathway45,Gene_157
Level_1Pathway45,Gene_5
Level_1Pathway45,Gene_30
Level_1Pathway46,Gene_247
Level_1Pathway46,Gene_115
Level_1Pathway46,Gene_284
Level_1Pathway46,Gene_127
Level_1Pathway47,Gene_20
Level_1Pathway47,Gene_59
Level_1Pathway47,Gene_93
Level_1Pathway48,Gene_269
Level_1Pathway48,Gene_110
Level_1Pathway48,Gene_243
Level_1Pathway48,Gene_83
Level_1Pathway49,Gene_222
Level_1Pathway49,Gene_64
Level_1Pathway49,Gene_279
Level_1Pathway49,Gene_102
Level_1Pathway49,Gene_179
Level_1Pathway49,Gene_295
Level_1Pathway49,Gene_57
Level_1Pathway49,Gene_27
Level_2Pathway0,Gene_55
Level_2Pathway0,Gene_78
Level_2Pathway0,Gene_66
Level_2Pathway1,Gene_59
Level_2Pathway1,Gene_20
Level_2Pathway1,Gene_93
Level_2Pathway2,Gene_204
Level_2Pathway2,Gene_172
Level_2Pathway2,Gene_299
Level_2Pathway2,Gene_126
Level_2Pathway2,Gene_24
Level_2Pathway2,Gene_287
Level_2Pathway2,Gene_298
Level_2Pathway3,Gene_145
Level_2Pathway3,Gene_58
Level_2Pathway3,Gene_241
Level_2Pathway3,Gene_282
Level_2Pathway3,Gene_25
Level_2Pathway3,Gene_137
Level_2Pathway3,Gene_43
Level_2Pathway3,Gene_54
Level_2Pathway4,Gene_34
Level_2Pathway4,Gene_77
Level_2Pathway4,Gene_33
Level_2Pathway4,Gene_66
Level_2Pathway4,Gene_18
Level_2Pathway5,Gene_110
Level_2Pathway5,Gene_83
Level_2Pathway5,Gene_269
Level_2Pathway5,Gene_243
Level_2Pathway6,Gene_47
Level_2Pathway6,Gene_28
Level_2Pathway6,Gene_62
Level_2Pathway6,Gene_293
Level_2Pathway6,Gene_76
Level_2Pathway6,Gene_59
Level_2Pathway7,Gene_179
Level_2Pathway7,Gene_171
Level_2Pathway7,Gene_59
Level_2Pathway7,Gene_268
Level_2Pathway7,Gene_293
Level_2Pathway8,Gene_167
Level_2Pathway8,Gene_47
Level_2Pathway8,Gene_59
Level_2Pathway8,Gene_279
Level_2Pathway9,Gene_34
Level_2Pathway9,Gene_119
Level_2Pathway9,Gene_237
Level_2Pathway10,Gene_5
Level_2Pathway10,Gene_30
Level_2Pathway10,Gene_255
Level_2Pathway10,Gene_256
Level_2Pathway10,Gene_157
Level_2Pathway10,Gene_208
Level_2Pathway11,Gene_34
Level_2Pathway11,Gene_237
Level_2Pathway11,Gene_119
Level_2Pathway12,Gene_47
Level_2Pathway12,Gene_59
Level_2Pathway12,Gene_20
Level_2Pathway12,Gene_279
Level_2Pathway12,Gene_93
Level_2Pathway12,Gene_269
Level_2Pathway12,Gene_106
Level_2Pathway13,Gene_262
Level_2Pathway13,Gene_283
Level_2Pathway13,Gene_162
Level_2Pathway13,Gene_111
Level_2Pathway13,Gene_130
Level_2Pathway14,Gene_114
Level_2Pathway14,Gene_283
Level_2Pathway14,Gene_249
Level_2Pathway14,Gene_134
Level_2Pathway14,Gene_118
Level_2Pathway14,Gene_293
Level_2Pathway14,Gene_129
Level_2Pathway15,Gene_204
Level_2Pathway15,Gene_257
Level_2Pathway15,Gene_97
Level_2Pathway15,Gene_18
Level_2Pathway15,Gene_221
Level_2Pathway15,Gene_184
Level_2Pathway16,Gene_208
Level_2Pathway16,Gene_191
Level_2Pathway16,Gene_224
Level_2Pathway17,Gene_26
Level_2Pathway17,Gene_92
Level_2Pathway17,Gene_98
Level_2Pathway17,Gene_175
Level_2Pathway18,Gene_171
Level_2Pathway18,Gene_59
Level_2Pathway18,Gene_179
Level_2Pathway18,Gene_268
Level_2Pathway19,Gene_93
Level_2Pathway19,Gene_35
Level_2Pathway19,Gene_39
Level_2Pathway19,Gene_96
Level_2Pathway19,Gene_64
Level_2Pathway19,Gene_95
Level_2Pathway19,Gene_217
Level_3Pathway0,Gene_262
Level_3Pathway0,Gene_162
Level_3Pathway0,Gene_130
Level_3Pathway1,Gene_224
Level_3Pathway1,Gene_208
Level_3Pathway1,Gene_191
Level_3Pathway2,Gene_119
Level_3Pathway2,Gene_34
Level_3Pathway2,Gene_237
Level_3Pathway3,Gene_175
Level_3Pathway3,Gene_98
Level_3Pathway3,Gene_92
Level_3Pathway3,Gene_26
Level_3Pathway4,Gene_221
Level_3Pathway4,Gene_204
Level_3Pathway4,Gene_97
Level_3Pathway4,Gene_257
Level_3Pathway4,Gene_18
Level_3Pathway4,Gene_184
Level_3Pathway5,Gene_293
Level_3Pathway5,Gene_283
Level_3Pathway5,Gene_129
Level_3Pathway5,Gene_118
Level_3Pathway5,Gene_114
Level_3Pathway6,Gene_93
Level_3Pathway6,Gene_20
Level_3Pathway6,Gene_59
Level_3Pathway7,Gene_92
Level_3Pathway7,Gene_26
Level_3Pathway7,Gene_175
Level_3Pathway7,Gene_98
Level_3Pathway8,Gene_119
Level_3Pathway8,Gene_237
Level_3Pathway8,Gene_34
Level_3Pathway9,Gene_269
Level_3Pathway9,Gene_243
Level_3Pathway9,Gene_83
Level_3Pathway9,Gene_110
Noise_Pathway_0,Gene_202
Noise_Pathway_0,Gene_76
Noise_Pathway_0,Gene_94
Noise_Pathway_0,Gene_172
Noise_Pathway_0,Gene_221
Noise_Pathway_0,Gene_230
Noise_Pathway_0,Gene_292
Noise_Pathway_0,Gene_188
Noise_Pathway_0,Gene_83
Noise_Pathway_0,Gene_67
Noise_Pathway_0,Gene_198
Noise_Pathway_0,Gene_22
Noise_Pathway_0,Gene_3
Noise_Pathway_1,Gene_253
Noise_Pathway_1,Gene_37
Noise_Pathway_1,Gene_222
Noise_Pathway_1,Gene_204
Noise_Pathway_1,Gene_96
Noise_Pathway_1,Gene_156
Noise_Pathway_1,Gene_53
Noise_Pathway_1,Gene_91
Noise_Pathway_1,Gene_281
Noise_Pathway_1,Gene_287
Noise_Pathway_1,Gene_210
Noise_Pathway_1,Gene_32
Noise_Pathway_2,Gene_112
Noise_Pathway_2,Gene_64
Noise_Pathway_2,Gene_123
Noise_Pathway_2,Gene_12
Noise_Pathway_2,Gene_163
Noise_Pathway_2,Gene_192
Noise_Pathway_2,Gene_155
Noise_Pathway_3,Gene_222
Noise_Pathway_3,Gene_269
Noise_Pathway_3,Gene_245
Noise_Pathway_3,Gene_97
Noise_Pathway_3,Gene_105
Noise_Pathway_3,Gene_258
Noise_Pathway_3,Gene_115
Noise_Pathway_3,Gene_86
Noise_Pathway_3,Gene_62
Noise_Pathway_3,Gene_213
Noise_Pathway_3,Gene_67
Noise_Pathway_3,Gene_241
Noise_Pathway_4,Gene_105
Noise_Pathway_4,Gene_28
Noise_Pathway_4,Gene_299
Noise_Pathway_4,Gene_159
Noise_Pathway_4,Gene_292
Noise_Pathway_4,Gene_221
Noise_Pathway_4,Gene_109
Noise_Pathway_5,Gene_88
Noise_Pathway_5,Gene_236
Noise_Pathway_5,Gene_252
Noise_Pathway_5,Gene_207
Noise_Pathway_5,Gene_96
Noise_Pathway_5,Gene_244
Noise_Pathway_5,Gene_10
Noise_Pathway_5,Gene_152
Noise_Pathway_6,Gene_187
Noise_Pathway_6,Gene_169
Noise_Pathway_6,Gene_199
Noise_Pathway_6,Gene_71
Noise_Pathway_6,Gene_220
Noise_Pathway_7,Gene_72
Noise_Pathway_7,Gene_168
Noise_Pathway_7,Gene_250
Noise_Pathway_7,Gene_78
Noise_Pathway_7,Gene_89
Noise_Pathway_7,Gene_133
Noise_Pathway_7,Gene_139
Noise_Pathway_7,Gene_158
Noise_Pathway_8,Gene_41
Noise_Pathway_8,Gene_168
Noise_Pathway_8,Gene_133
Noise_Pathway_8,Gene_112
Noise_Pathway_8,Gene_26
Noise_Pathway_8,Gene_274
Noise_Pathway_8,Gene_71
Noise_Pathway_8,Gene_206
Noise_Pathway_9,Gene_270
Noise_Pathway_9,Gene_211
Noise_Pathway_9,Gene_110
Noise_Pathway_9,Gene_195
Noise_Pathway_9,Gene_285
Noise_Pathway_9,Gene_143
Noise_Pathway_9,Gene_261
Noise_Pathway_10,Gene_45
Noise_Pathway_10,Gene_168
Noise_Pathway_10,Gene_247
Noise_Pathway_10,Gene_183
Noise_Pathway_10,Gene_37
Noise_Pathway_10,Gene_294
Noise_Pathway_10,Gene_231
Noise_Pathway_10,Gene_262
Noise_Pathway_10,Gene_227
Noise_Pathway_10,Gene_243
Noise_Pathway_10,Gene_248
Noise_Pathway_10,Gene_182
Noise_Pathway_10,Gene_156
Noise_Pathway_11,Gene_253
Noise_Pathway_11,Gene_291
Noise_Pathway_11,Gene_173
Noise_Pathway_11,Gene_199
Noise_Pathway_11,Gene_62
Noise_Pathway_11,Gene_23
Noise_Pathway_11,Gene_81
Noise_Pathway_11,Gene_270
Noise_Pathway_11,Gene_77
Noise_Pathway_12,Gene_239
Noise_Pathway_12,Gene_258
Noise_Pathway_12,Gene_229
Noise_Pathway_12,Gene_91
Noise_Pathway_12,Gene_225
Noise_Pathway_12,Gene_201
Noise_Pathway_12,Gene_261
Noise_Pathway_12,Gene_108
Noise_Pathway_12,Gene_115
Noise_Pathway_13,Gene_294
Noise_Pathway_13,Gene_78
Noise_Pathway_13,Gene_297
Noise_Pathway_13,Gene_261
Noise_Pathway_13,Gene_145
Noise_Pathway_13,Gene_162
Noise_Pathway_14,Gene_203
Noise_Pathway_14,Gene_83
Noise_Pathway_14,Gene_162
Noise_Pathway_14,Gene_39
Noise_Pathway_14,Gene_229
Noise_Pathway_14,Gene_246
Noise_Pathway_14,Gene_69
Noise_Pathway_15,Gene_59
Noise_Pathway_15,Gene_141
Noise_Pathway_15,Gene_136
Noise_Pathway_15,Gene_75
Noise_Pathway_15,Gene_46
Noise_Pathway_15,Gene_24
Noise_Pathway_15,Gene_234
Noise_Pathway_15,Gene_156
Noise_Pathway_15,Gene_52
Noise_Pathway_16,Gene_93
Noise_Pathway_16,Gene_69
Noise_Pathway_16,Gene_204
Noise_Pathway_16,Gene_245
Noise_Pathway_16,Gene_52
Noise_Pathway_16,Gene_32
Noise_Pathway_16,Gene_65
Noise_Pathway_16,Gene_161
Noise_Pathway_16,Gene_266
Noise_Pathway_16,Gene_265
Noise_Pathway_17,Gene_165
Noise_Pathway_17,Gene_232
Noise_Pathway_17,Gene_192
Noise_Pathway_17,Gene_223
Noise_Pathway_17,Gene_235
Noise_Pathway_17,Gene_288
Noise_Pathway_17,Gene_123
Noise_Pathway_17,Gene_253
Noise_Pathway_17,Gene_151
Noise_Pathway_17,Gene_155
Noise_Pathway_17,Gene_174
Noise_Pathway_17,Gene_196
Noise_Pathway_17,Gene_24
Noise_Pathway_18,Gene_232
Noise_Pathway_18,Gene_209
Noise_Pathway_18,Gene_115
Noise_Pathway_18,Gene_139
Noise_Pathway_18,Gene_24
Noise_Pathway_19,Gene_291
Noise_Pathway_19,Gene_198
Noise_Pathway_19,Gene_113
Noise_Pathway_19,Gene_289
Noise_Pathway_19,Gene_250
Noise_Pathway_19,Gene_140
Noise_Pathway_19,Gene_242
Noise_Pathway_19,Gene_236
Noise_Pathway_19,Gene_237
Noise_Pathway_20,Gene_284
Noise_Pathway_20,Gene_49
Noise_Pathway_20,Gene_235
Noise_Pathway_20,Gene_266
Noise_Pathway_20,Gene_271
Noise_Pathway_21,Gene_32
Noise_Pathway_21,Gene_208
Noise_Pathway_21,Gene_0
Noise_Pathway_21,Gene_257
Noise_Pathway_21,Gene_198
Noise_Pathway_22,Gene_65
Noise_Pathway_22,Gene_50
Noise_Pathway_22,Gene_28
Noise_Pathway_22,Gene_163
Noise_Pathway_22,Gene_36
Noise_Pathway_22,Gene_281
Noise_Pathway_22,Gene_90
Noise_Pathway_22,Gene_218
Noise_Pathway_22,Gene_10
Noise_Pathway_22,Gene_188
Noise_Pathway_22,Gene_199
Noise_Pathway_22,Gene_212
Noise_Pathway_22,Gene_40
Noise_Pathway_22,Gene_247
Noise_Pathway_23,Gene_283
Noise_Pathway_23,Gene_136
Noise_Pathway_23,Gene_193
Noise_Pathway_23,Gene_131
Noise_Pathway_23,Gene_89
Noise_Pathway_23,Gene_203
Noise_Pathway_23,Gene_255
Noise_Pathway_24,Gene_234
Noise_Pathway_24,Gene_144
Noise_Pathway_24,Gene_250
Noise_Pathway_24,Gene_110
Noise_Pathway_24,Gene_200
Noise_Pathway_24,Gene_169
Noise_Pathway_24,Gene_190
Noise_Pathway_24,Gene_228
Noise_Pathway_24,Gene_50
Noise_Pathway_25,Gene_62
Noise_Pathway_25,Gene_17
Noise_Pathway_25,Gene_43
Noise_Pathway_25,Gene_250
Noise_Pathway_25,Gene_160
Noise_Pathway_26,Gene_5
Noise_Pathway_26,Gene_39
Noise_Pathway_26,Gene_14
Noise_Pathway_26,Gene_104
Noise_Pathway_26,Gene_276
Noise_Pathway_26,Gene_144
Noise_Pathway_26,Gene_199
Noise_Pathway_26,Gene_263
Noise_Pathway_26,Gene_139
Noise_Pathway_26,Gene_169
Noise_Pathway_26,Gene_277
Noise_Pathway_26,Gene_207
Noise_Pathway_26,Gene_61
Noise_Pathway_27,Gene_175
Noise_Pathway_27,Gene_124
Noise_Pathway_27,Gene_86
Noise_Pathway_27,Gene_246
Noise_Pathway_27,Gene_7
Noise_Pathway_27,Gene_74
Noise_Pathway_27,Gene_266
Noise_Pathway_27,Gene_27
Noise_Pathway_27,Gene_22
Noise_Pathway_27,Gene_46
Noise_Pathway_27,Gene_182
Noise_Pathway_27,Gene_163
Noise_Pathway_28,Gene_181
Noise_Pathway_28,Gene_153
Noise_Pathway_28,Gene_263
Noise_Pathway_28,Gene_188
Noise_Pathway_28,Gene_189
Noise_Pathway_28,Gene_195
Noise_Pathway_29,Gene_74
Noise_Pathway_29,Gene_154
Noise_Pathway_29,Gene_193
Noise_Pathway_29,Gene_146
Noise_Pathway_29,Gene_20
Noise_Pathway_29,Gene_65
Noise_Pathway_29,Gene_275
Noise_Pathway_30,Gene_17
Noise_Pathway_30,Gene_280
Noise_Pathway_30,Gene_287
Noise_Pathway_30,Gene_145
Noise_Pathway_30,Gene_166
Noise_Pathway_30,Gene_186
Noise_Pathway_30,Gene_170
Noise_Pathway_30,Gene_209
Noise_Pathway_30,Gene_290
Noise_Pathway_30,Gene_89
Noise_Pathway_31,Gene_265
Noise_Pathway_31,Gene_145
Noise_Pathway_31,Gene_24
Noise_Pathway_31,Gene_275
Noise_Pathway_31,Gene_55
Noise_Pathway_32,Gene_102
Noise_Pathway_32,Gene_218
Noise_Pathway_32,Gene_235
Noise_Pathway_32,Gene_236
Noise_Pathway_32,Gene_75
Noise_Pathway_32,Gene_231
Noise_Pathway_32,Gene_47
Noise_Pathway_32,Gene_33
Noise_Pathway_32,Gene_287
Noise_Pathway_32,Gene_77
Noise_Pathway_32,Gene_36
Noise_Pathway_32,Gene_41
Noise_Pathway_32,Gene_160
Noise_Pathway_33,Gene_28
Noise_Pathway_33,Gene_25
Noise_Pathway_33,Gene_256
Noise_Pathway_33,Gene_119
Noise_Pathway_33,Gene_126
Noise_Pathway_34,Gene_148
Noise_Pathway_34,Gene_230
Noise_Pathway_34,Gene_147
Noise_Pathway_34,Gene_267
Noise_Pathway_34,Gene_299
Noise_Pathway_34,Gene_237
Noise_Pathway_34,Gene_163
Noise_Pathway_34,Gene_227
Noise_Pathway_34,Gene_285
Noise_Pathway_34,Gene_88
Noise_Pathway_34,Gene_124
Noise_Pathway_34,Gene_81
Noise_Pathway_34,Gene_134
Noise_Pathway_35,Gene_256
Noise_Pathway_35,Gene_164
Noise_Pathway_35,Gene_79
Noise_Pathway_35,Gene_283
Noise_Pathway_35,Gene_94
Noise_Pathway_36,Gene_231
Noise_Pathway_36,Gene_186
Noise_Pathway_36,Gene_25
Noise_Pathway_36,Gene_58
Noise_Pathway_36,Gene_268
Noise_Pathway_36,Gene_218
Noise_Pathway_36,Gene_235
Noise_Pathway_36,Gene_200
Noise_Pathway_36,Gene_159
Noise_Pathway_36,Gene_106
Noise_Pathway_36,Gene_222
Noise_Pathway_36,Gene_108
Noise_Pathway_37,Gene_72
Noise_Pathway_37,Gene_118
Noise_Pathway_37,Gene_18
Noise_Pathway_37,Gene_46
Noise_Pathway_37,Gene_47
Noise_Pathway_37,Gene_55
Noise_Pathway_37,Gene_131
Noise_Pathway_37,Gene_229
Noise_Pathway_38,Gene_101
Noise_Pathway_38,Gene_172
Noise_Pathway_38,Gene_161
Noise_Pathway_38,Gene_93
Noise_Pathway_38,Gene_228
Noise_Pathway_38,Gene_65
Noise_Pathway_38,Gene_299
Noise_Pathway_39,Gene_36
Noise_Pathway_39,Gene_205
Noise_Pathway_39,Gene_224
Noise_Pathway_39,Gene_156
Noise_Pathway_39,Gene_185
Noise_Pathway_39,Gene_288
Noise_Pathway_39,Gene_120
Noise_Pathway_39,Gene_38
Noise_Pathway_39,Gene_44
Noise_Pathway_39,Gene_118
Noise_Pathway_39,Gene_139
Noise_Pathway_39,Gene_198
Noise_Pathway_39,Gene_249
Noise_Pathway_40,Gene_32
Noise_Pathway_40,Gene_292
Noise_Pathway_40,Gene_116
Noise_Pathway_40,Gene_82
Noise_Pathway_40,Gene_78
Noise_Pathway_40,Gene_190
Noise_Pathway_40,Gene_178
Noise_Pathway_40,Gene_213
Noise_Pathway_40,Gene_275
Noise_Pathway_40,Gene_98
Noise_Pathway_40,Gene_59
Noise_Pathway_40,Gene_71
Noise_Pathway_40,Gene_224
Noise_Pathway_40,Gene_255
Noise_Pathway_41,Gene_24
Noise_Pathway_41,Gene_64
Noise_Pathway_41,Gene_58
Noise_Pathway_41,Gene_177
Noise_Pathway_41,Gene_48
Noise_Pathway_41,Gene_170
Noise_Pathway_41,Gene_134
Noise_Pathway_41,Gene_63
Noise_Pathway_41,Gene_129
Noise_Pathway_41,Gene_218
Noise_Pathway_41,Gene_139
Noise_Pathway_41,Gene_236
Noise_Pathway_41,Gene_11
Noise_Pathway_42,Gene_287
Noise_Pathway_42,Gene_288
Noise_Pathway_42,Gene_74
Noise_Pathway_42,Gene_72
Noise_Pathway_42,Gene_286
Noise_Pathway_42,Gene_150
Noise_Pathway_43,Gene_216
Noise_Pathway_43,Gene_64
Noise_Pathway_43,Gene_254
Noise_Pathway_43,Gene_163
Noise_Pathway_43,Gene_288
Noise_Pathway_43,Gene_106
Noise_Pathway_43,Gene_246
Noise_Pathway_43,Gene_62
Noise_Pathway_43,Gene_114
Noise_Pathway_44,Gene_124
Noise_Pathway_44,Gene_10
Noise_Pathway_44,Gene_281
Noise_Pathway_44,Gene_229
Noise_Pathway_44,Gene_280
Noise_Pathway_44,Gene_208
Noise_Pathway_44,Gene_203
Noise_Pathway_45,Gene_38
Noise_Pathway_45,Gene_278
Noise_Pathway_45,Gene_289
Noise_Pathway_45,Gene_240
Noise_Pathway_45,Gene_125
Noise_Pathway_45,Gene_216
Noise_Pathway_45,Gene_13
Noise_Pathway_45,Gene_266
Noise_Pathway_45,Gene_297
Noise_Pathway_45,Gene_163
Noise_Pathway_45,Gene_204
Noise_Pathway_46,Gene_239
Noise_Pathway_46,Gene_110
Noise_Pathway_46,Gene_5
Noise_Pathway_46,Gene_126
Noise_Pathway_46,Gene_276
Noise_Pathway_46,Gene_270
Noise_Pathway_46,Gene_196
Noise_Pathway_46,Gene_283
Noise_Pathway_46,Gene_224
Noise_Pathway_46,Gene_102
Noise_Pathway_46,Gene_15
Noise_Pathway_47,Gene_189
Noise_Pathway_47,Gene_122
Noise_Pathway_47,Gene_153
Noise_Pathway_47,Gene_102
Noise_Pathway_47,Gene_217
Noise_Pathway_48,Gene_255
Noise_Pathway_48,Gene_18
Noise_Pathway_48,Gene_64
Noise_Pathway_48,Gene_57
Noise_Pathway_48,Gene_144
Noise_Pathway_48,Gene_107
Noise_Pathway_48,Gene_202
Noise_Pathway_49,Gene_24
Noise_Pathway_49,Gene_218
Noise_Pathway_49,Gene_177
Noise_Pathway_49,Gene_153
Noise_Pathway_49,Gene_27
Noise_Pathway_50,Gene_122
Noise_Pathway_50,Gene_278
Noise_Pathway_50,Gene_292
Noise_Pathway_50,Gene_263
Noise_Pathway_50,Gene_190
Noise_Pathway_51,Gene_24
Noise_Pathway_51,Gene_37
Noise_Pathway_51,Gene_75
Noise_Pathway_51,Gene_265
Noise_Pathway_51,Gene_218
Noise_Pathway_51,Gene_181
Noise_Pathway_51,Gene_131
Noise_Pathway_51,Gene_269
Noise_Pathway_51,Gene_254
Noise_Pathway_51,Gene_220
Noise_Pathway_51,Gene_195
Noise_Pathway_51,Gene_170
Noise_Pathway_51,Gene_149
Noise_Pathway_52,Gene_285
Noise_Pathway_52,Gene_284
Noise_Pathway_52,Gene_161
Noise_Pathway_52,Gene_113
Noise_Pathway_52,Gene_288
Noise_Pathway_52,Gene_151
Noise_Pathway_52,Gene_210
Noise_Pathway_52,Gene_57
Noise_Pathway_52,Gene_127
Noise_Pathway_52,Gene_248
Noise_Pathway_53,Gene_237
Noise_Pathway_53,Gene_109
Noise_Pathway_53,Gene_9
Noise_Pathway_53,Gene_89
Noise_Pathway_53,Gene_274
Noise_Pathway_53,Gene_90
Noise_Pathway_54,Gene_152
Noise_Pathway_54,Gene_58
Noise_Pathway_54,Gene_15
Noise_Pathway_54,Gene_282
Noise_Pathway_54,Gene_150
Noise_Pathway_54,Gene_96
Noise_Pathway_54,Gene_92
Noise_Pathway_54,Gene_207
Noise_Pathway_54,Gene_87
Noise_Pathway_55,Gene_136
Noise_Pathway_55,Gene_226
Noise_Pathway_55,Gene_217
Noise_Pathway_55,Gene_138
Noise_Pathway_55,Gene_197
Noise_Pathway_55,Gene_249
Noise_Pathway_56,Gene_5
Noise_Pathway_56,Gene_145
Noise_Pathway_56,Gene_25
Noise_Pathway_56,Gene_24
Noise_Pathway_56,Gene_233
Noise_Pathway_56,Gene_228
Noise_Pathway_56,Gene_154
Noise_Pathway_56,Gene_183
Noise_Pathway_57,Gene_196
Noise_Pathway_57,Gene_279
Noise_Pathway_57,Gene_44
Noise_Pathway_57,Gene_183
Noise_Pathway_57,Gene_230
Noise_Pathway_57,Gene_104
Noise_Pathway_57,Gene_55
Noise_Pathway_57,Gene_89
Noise_Pathway_57,Gene_228
Noise_Pathway_58,Gene_259
Noise_Pathway_58,Gene_7
Noise_Pathway_58,Gene_23
Noise_Pathway_58,Gene_275
Noise_Pathway_58,Gene_280
Noise_Pathway_58,Gene_26
Noise_Pathway_58,Gene_148
Noise_Pathway_58,Gene_167
Noise_Pathway_58,Gene_151
Noise_Pathway_58,Gene_210
Noise_Pathway_58,Gene_299
Noise_Pathway_58,Gene_156
Noise_Pathway_59,Gene_129
Noise_Pathway_59,Gene_265
Noise_Pathway_59,Gene_70
Noise_Pathway_59,Gene_166
Noise_Pathway_59,Gene_232
Noise_Pathway_59,Gene_171
Noise_Pathway_59,Gene_78
Noise_Pathway_59,Gene_152
Noise_Pathway_59,Gene_137
Noise_Pathway_59,Gene_116
Noise_Pathway_59,Gene_256
Noise_Pathway_59,Gene_31
Noise_Pathway_59,Gene_243
Noise_Pathway_59,Gene_275
Noise_Pathway_60,Gene_244
Noise_Pathway_60,Gene_113
Noise_Pathway_60,Gene_232
Noise_Pathway_60,Gene_153
Noise_Pathway_60,Gene_127
Noise_Pathway_61,Gene_224
Noise_Pathway_61,Gene_84
Noise_Pathway_61,Gene_85
Noise_Pathway_61,Gene_231
Noise_Pathway_61,Gene_124
Noise_Pathway_61,Gene_291
Noise_Pathway_61,Gene_197
Noise_Pathway_61,Gene_174
Noise_Pathway_61,Gene_146
Noise_Pathway_61,Gene_180
Noise_Pathway_62,Gene_27
Noise_Pathway_62,Gene_145
Noise_Pathway_62,Gene_253
Noise_Pathway_62,Gene_152
Noise_Pathway_62,Gene_121
Noise_Pathway_62,Gene_56
Noise_Pathway_62,Gene_30
Noise_Pathway_62,Gene_77
Noise_Pathway_62,Gene_16
Noise_Pathway_62,Gene_254
Noise_Pathway_62,Gene_1
Noise_Pathway_62,Gene_286
Noise_Pathway_62,Gene_281
Noise_Pathway_62,Gene_272
Noise_Pathway_63,Gene_174
Noise_Pathway_63,Gene_173
Noise_Pathway_63,Gene_121
Noise_Pathway_63,Gene_82
Noise_Pathway_63,Gene_265
Noise_Pathway_63,Gene_292
Noise_Pathway_63,Gene_89
Noise_Pathway_63,Gene_253
Noise_Pathway_63,Gene_178
Noise_Pathway_63,Gene_162
Noise_Pathway_63,Gene_132
Noise_Pathway_63,Gene_184
Noise_Pathway_63,Gene_270
Noise_Pathway_63,Gene_8
Noise_Pathway_64,Gene_86
Noise_Pathway_64,Gene_146
Noise_Pathway_64,Gene_286
Noise_Pathway_64,Gene_232
Noise_Pathway_64,Gene_97
Noise_Pathway_64,Gene_184
Noise_Pathway_64,Gene_39
Noise_Pathway_64,Gene_217
Noise_Pathway_64,Gene_192
Noise_Pathway_64,Gene_214
Noise_Pathway_64,Gene_250
Noise_Pathway_65,Gene_183
Noise_Pathway_65,Gene_104
Noise_Pathway_65,Gene_81
Noise_Pathway_65,Gene_160
Noise_Pathway_65,Gene_194
Noise_Pathway_65,Gene_270
Noise_Pathway_65,Gene_20
Noise_Pathway_65,Gene_289
Noise_Pathway_65,Gene_98
Noise_Pathway_65,Gene_278
Noise_Pathway_65,Gene_201
Noise_Pathway_66,Gene_85
Noise_Pathway_66,Gene_136
Noise_Pathway_66,Gene_145
Noise_Pathway_66,Gene_173
Noise_Pathway_66,Gene_146
Noise_Pathway_66,Gene_23
Noise_Pathway_66,Gene_130
Noise_Pathway_66,Gene_124
Noise_Pathway_66,Gene_75
Noise_Pathway_66,Gene_215
Noise_Pathway_66,Gene_227
Noise_Pathway_66,Gene_188
Noise_Pathway_66,Gene_251
Noise_Pathway_67,Gene_235
Noise_Pathway_67,Gene_227
Noise_Pathway_67,Gene_233
Noise_Pathway_67,Gene_25
Noise_Pathway_67,Gene_152
Noise_Pathway_67,Gene_157
Noise_Pathway_67,Gene_49
Noise_Pathway_67,Gene_19
Noise_Pathway_67,Gene_57
Noise_Pathway_67,Gene_165
Noise_Pathway_68,Gene_262
Noise_Pathway_68,Gene_217
Noise_Pathway_68,Gene_199
Noise_Pathway_68,Gene_215
Noise_Pathway_68,Gene_10
Noise_Pathway_69,Gene_130
Noise_Pathway_69,Gene_67
Noise_Pathway_69,Gene_203
Noise_Pathway_69,Gene_251
Noise_Pathway_69,Gene_287
Noise_Pathway_69,Gene_59
Noise_Pathway_69,Gene_267
Noise_Pathway_69,Gene_290
Noise_Pathway_70,Gene_181
Noise_Pathway_70,Gene_70
Noise_Pathway_70,Gene_24
Noise_Pathway_70,Gene_229
Noise_Pathway_70,Gene_203
Noise_Pathway_70,Gene_170
Noise_Pathway_70,Gene_142
Noise_Pathway_71,Gene_90
Noise_Pathway_71,Gene_241
Noise_Pathway_71,Gene_80
Noise_Pathway_71,Gene_257
Noise_Pathway_71,Gene_25
Noise_Pathway_71,Gene_286
Noise_Pathway_71,Gene_109
Noise_Pathway_71,Gene_150
Noise_Pathway_71,Gene_267
Noise_Pathway_71,Gene_110
Noise_Pathway_72,Gene_111
Noise_Pathway_72,Gene_266
Noise_Pathway_72,Gene_136
Noise_Pathway_72,Gene_294
Noise_Pathway_72,Gene_271
Noise_Pathway_72,Gene_238
Noise_Pathway_72,Gene_9
Noise_Pathway_72,Gene_56
Noise_Pathway_72,Gene_100
Noise_Pathway_72,Gene_79
Noise_Pathway_73,Gene_241
Noise_Pathway_73,Gene_91
Noise_Pathway_73,Gene_291
Noise_Pathway_73,Gene_201
Noise_Pathway_73,Gene_294
Noise_Pathway_73,Gene_24
Noise_Pathway_73,Gene_124
Noise_Pathway_74,Gene_292
Noise_Pathway_74,Gene_223
Noise_Pathway_74,Gene_135
Noise_Pathway_74,Gene_102
Noise_Pathway_74,Gene_268
Noise_Pathway_74,Gene_19
Noise_Pathway_74,Gene_126
Noise_Pathway_74,Gene_215
Noise_Pathway_74,Gene_69
Noise_Pathway_74,Gene_7
Noise_Pathway_75,Gene_130
Noise_Pathway_75,Gene_92
Noise_Pathway_75,Gene_266
Noise_Pathway_75,Gene_247
Noise_Pathway_75,Gene_19
Noise_Pathway_75,Gene_61
Noise_Pathway_75,Gene_143
Noise_Pathway_75,Gene_101
Noise_Pathway_75,Gene_127
Noise_Pathway_75,Gene_292
Noise_Pathway_75,Gene_131
Noise_Pathway_75,Gene_51
Noise_Pathway_76,Gene_222
Noise_Pathway_76,Gene_12
Noise_Pathway_76,Gene_77
Noise_Pathway_76,Gene_167
Noise_Pathway_76,Gene_36
Noise_Pathway_76,Gene_62
Noise_Pathway_76,Gene_101
Noise_Pathway_76,Gene_197
Noise_Pathway_76,Gene_199
Noise_Pathway_76,Gene_230
Noise_Pathway_76,Gene_293
Noise_Pathway_76,Gene_190
Noise_Pathway_76,Gene_116
Noise_Pathway_76,Gene_214
Noise_Pathway_77,Gene_243
Noise_Pathway_77,Gene_222
Noise_Pathway_77,Gene_292
Noise_Pathway_77,Gene_241
Noise_Pathway_77,Gene_143
Noise_Pathway_77,Gene_257
Noise_Pathway_77,Gene_75
Noise_Pathway_77,Gene_173
Noise_Pathway_77,Gene_102
Noise_Pathway_77,Gene_197
Noise_Pathway_77,Gene_151
Noise_Pathway_77,Gene_130
Noise_Pathway_78,Gene_201
Noise_Pathway_78,Gene_227
Noise_Pathway_78,Gene_51
Noise_Pathway_78,Gene_121
Noise_Pathway_78,Gene_10
Noise_Pathway_78,Gene_57
Noise_Pathway_78,Gene_118
Noise_Pathway_78,Gene_114
Noise_Pathway_78,Gene_265
Noise_Pathway_78,Gene_88
Noise_Pathway_78,Gene_139
Noise_Pathway_78,Gene_219
Noise_Pathway_79,Gene_103
Noise_Pathway_79,Gene_59
Noise_Pathway_79,Gene_224
Noise_Pathway_79,Gene_192
Noise_Pathway_79,Gene_233
Noise_Pathway_79,Gene_102
Noise_Pathway_79,Gene_158
Noise_Pathway_79,Gene_151
Noise_Pathway_79,Gene_185
Noise_Pathway_79,Gene_177
Noise_Pathway_79,Gene_187
Noise_Pathway_79,Gene_273
Noise_Pathway_79,Gene_190
Noise_Pathway_79,Gene_275
Noise_Pathway_80,Gene_148
Noise_Pathway_80,Gene_184
Noise_Pathway_80,Gene_112
Noise_Pathway_80,Gene_178
Noise_Pathway_80,Gene_92
Noise_Pathway_80,Gene_58
Noise_Pathway_80,Gene_186
Noise_Pathway_80,Gene_215
Noise_Pathway_80,Gene_95
Noise_Pathway_80,Gene_262
Noise_Pathway_80,Gene_0
Noise_Pathway_80,Gene_1
Noise_Pathway_80,Gene_137
Noise_Pathway_81,Gene_141
Noise_Pathway_81,Gene_224
Noise_Pathway_81,Gene_52
Noise_Pathway_81,Gene_262
Noise_Pathway_81,Gene_290
Noise_Pathway_81,Gene_13
Noise_Pathway_81,Gene_61
Noise_Pathway_81,Gene_2
Noise_Pathway_81,Gene_151
Noise_Pathway_81,Gene_30
Noise_Pathway_82,Gene_143
Noise_Pathway_82,Gene_184
Noise_Pathway_82,Gene_121
Noise_Pathway_82,Gene_205
Noise_Pathway_82,Gene_133
Noise_Pathway_82,Gene_251
Noise_Pathway_82,Gene_71
Noise_Pathway_82,Gene_144
Noise_Pathway_82,Gene_171
Noise_Pathway_82,Gene_50
Noise_Pathway_82,Gene_78
Noise_Pathway_82,Gene_292
Noise_Pathway_83,Gene_40
Noise_Pathway_83,Gene_73
Noise_Pathway_83,Gene_241
Noise_Pathway_83,Gene_249
Noise_Pathway_83,Gene_185
Noise_Pathway_83,Gene_24
Noise_Pathway_83,Gene_21
Noise_Pathway_83,Gene_34
Noise_Pathway_83,Gene_108
Noise_Pathway_83,Gene_250
Noise_Pathway_83,Gene_129
Noise_Pathway_83,Gene_267
Noise_Pathway_83,Gene_277
Noise_Pathway_84,Gene_183
Noise_Pathway_84,Gene_73
Noise_Pathway_84,Gene_236
Noise_Pathway_84,Gene_16
Noise_Pathway_84,Gene_210
Noise_Pathway_84,Gene_65
Noise_Pathway_84,Gene_297
Noise_Pathway_84,Gene_154
Noise_Pathway_84,Gene_122
Noise_Pathway_84,Gene_49
Noise_Pathway_84,Gene_246
Noise_Pathway_85,Gene_116
Noise_Pathway_85,Gene_0
Noise_Pathway_85,Gene_182
Noise_Pathway_85,Gene_139
Noise_Pathway_85,Gene_152
Noise_Pathway_86,Gene_60
Noise_Pathway_86,Gene_192
Noise_Pathway_86,Gene_261
Noise_Pathway_86,Gene_287
Noise_Pathway_86,Gene_91
Noise_Pathway_86,Gene_209
Noise_Pathway_86,Gene_118
Noise_Pathway_87,Gene_252
Noise_Pathway_87,Gene_176
Noise_Pathway_87,Gene_177
Noise_Pathway_87,Gene_117
Noise_Pathway_87,Gene_44
Noise_Pathway_87,Gene_211
Noise_Pathway_87,Gene_114
Noise_Pathway_87,Gene_3
Noise_Pathway_87,Gene_82
Noise_Pathway_87,Gene_294
Noise_Pathway_87,Gene_253
Noise_Pathway_87,Gene_32
Noise_Pathway_87,Gene_132
Noise_Pathway_87,Gene_58
Noise_Pathway_88,Gene_212
Noise_Pathway_88,Gene_128
Noise_Pathway_88,Gene_102
Noise_Pathway_88,Gene_79
Noise_Pathway_88,Gene_258
Noise_Pathway_88,Gene_77
Noise_Pathway_88,Gene_88
Noise_Pathway_88,Gene_64
Noise_Pathway_88,Gene_90
Noise_Pathway_88,Gene_65
Noise_Pathway_89,Gene_56
Noise_Pathway_89,Gene_216
Noise_Pathway_89,Gene_71
Noise_Pathway_89,Gene_24
Noise_Pathway_89,Gene_295
Noise_Pathway_89,Gene_11
Noise_Pathway_89,Gene_3
Noise_Pathway_89,Gene_289
Noise_Pathway_89,Gene_188
Noise_Pathway_89,Gene_158
Noise_Pathway_90,Gene_162
Noise_Pathway_90,Gene_249
Noise_Pathway_90,Gene_118
Noise_Pathway_90,Gene_80
Noise_Pathway_90,Gene_140
Noise_Pathway_90,Gene_119
Noise_Pathway_90,Gene_225
Noise_Pathway_90,Gene_37
Noise_Pathway_90,Gene_167
Noise_Pathway_90,Gene_288
Noise_Pathway_90,Gene_112
Noise_Pathway_91,Gene_247
Noise_Pathway_91,Gene_186
Noise_Pathway_91,Gene_136
Noise_Pathway_91,Gene_166
Noise_Pathway_91,Gene_69
Noise_Pathway_91,Gene_244
Noise_Pathway_91,Gene_149
Noise_Pathway_91,Gene_177
Noise_Pathway_91,Gene_147
Noise_Pathway_91,Gene_293
Noise_Pathway_91,Gene_230
Noise_Pathway_91,Gene_28
Noise_Pathway_91,Gene_175
Noise_Pathway_92,Gene_186
Noise_Pathway_92,Gene_298
Noise_Pathway_92,Gene_226
Noise_Pathway_92,Gene_256
Noise_Pathway_92,Gene_0
Noise_Pathway_92,Gene_169
Noise_Pathway_93,Gene_266
Noise_Pathway_93,Gene_139
Noise_Pathway_93,Gene_119
Noise_Pathway_93,Gene_284
Noise_Pathway_93,Gene_210
Noise_Pathway_93,Gene_177
Noise_Pathway_93,Gene_154
Noise_Pathway_93,Gene_286
Noise_Pathway_94,Gene_60
Noise_Pathway_94,Gene_27
Noise_Pathway_94,Gene_261
Noise_Pathway_94,Gene_57
Noise_Pathway_94,Gene_208
Noise_Pathway_95,Gene_140
Noise_Pathway_95,Gene_255
Noise_Pathway_95,Gene_12
Noise_Pathway_95,Gene_147
Noise_Pathway_95,Gene_156
Noise_Pathway_95,Gene_247
Noise_Pathway_95,Gene_155
Noise_Pathway_95,Gene_221
Noise_Pathway_95,Gene_9
Noise_Pathway_95,Gene_240
Noise_Pathway_95,Gene_201
Noise_Pathway_95,Gene_297
Noise_Pathway_95,Gene_162
Noise_Pathway_95,Gene_186
Noise_Pathway_96,Gene_65
Noise_Pathway_96,Gene_12
Noise_Pathway_96,Gene_278
Noise_Pathway_96,Gene_1
Noise_Pathway_96,Gene_44
Noise_Pathway_96,Gene_101
Noise_Pathway_96,Gene_295
Noise_Pathway_96,Gene_88
Noise_Pathway_97,Gene_202
Noise_Pathway_97,Gene_297
Noise_Pathway_97,Gene_67
Noise_Pathway_97,Gene_152
Noise_Pathway_97,Gene_257
Noise_Pathway_97,Gene_267
Noise_Pathway_97,Gene_44
Noise_Pathway_97,Gene_30
Noise_Pathway_97,Gene_161
Noise_Pathway_97,Gene_115
Noise_Pathway_97,Gene_269
Noise_Pathway_97,Gene_8
Noise_Pathway_97,Gene_14
Noise_Pathway_98,Gene_45
Noise_Pathway_98,Gene_134
Noise_Pathway_98,Gene_229
Noise_Pathway_98,Gene_116
Noise_Pathway_98,Gene_70
Noise_Pathway_98,Gene_289
Noise_Pathway_98,Gene_144
Noise_Pathway_98,Gene_58
Noise_Pathway_98,Gene_56
Noise_Pathway_98,Gene_14
Noise_Pathway_98,Gene_275
Noise_Pathway_98,Gene_257
Noise_Pathway_99,Gene_7
Noise_Pathway_99,Gene_284
Noise_Pathway_99,Gene_35
Noise_Pathway_99,Gene_21
Noise_Pathway_99,Gene_18
Noise_Pathway_99,Gene_70
Noise_Pathway_99,Gene_39
Noise_Pathway_99,Gene_262
Noise_Pathway_99,Gene_247
Noise_Pathway_99,Gene_119
Noise_Pathway_99,Gene_89
